V1,SYMBOL,transcript,guide_type,gene_source,sgID_A,protospacer_A,phenotype_A,predictedRank_A,source_A,sgID_B,protospacer_B,phenotype_B,predictedRank_B,source_B,sgID_AB
14868,ABL2,P1,1-2,significant,ABL2_+_179111875.23-P1,GTACTGAATGGAAGAATGTA,1.0,8.0,empirical,ABL2_-_179112151.23-P1,GGATCTCTGCCATAACTATT,1.0,1.0,predicted,ABL2_+_179111875.23-P1|ABL2_-_179112151.23-P1
17362,ABL2,P2,1-2,significant,ABL2_+_179198340.23-P2,GGGAGCCGGCATGAGAGCGT,1.0,4.0,empirical,ABL2_+_179198740.23-P2,GGGCGCGGAGCCGCGACAGG,2.0,5.0,empirical,ABL2_+_179198340.23-P2|ABL2_+_179198740.23-P2
7798,AHCY,P1P2,1-2,significant,AHCY_-_32891145.23-P1P2,GCTGGGAACAGGAACTGGGC,1.0,1.0,empirical,AHCY_-_32890950.23-P1P2,GGCCGAGGCTGCGATTCCAG,2.0,5.0,empirical,AHCY_-_32891145.23-P1P2|AHCY_-_32890950.23-P1P2
9223,AMBRA1,P1P2,1-2,significant,AMBRA1_+_46615541.23-P1P2,GGATGTCTCCTGAGCGGCGG,1.0,3.0,empirical,AMBRA1_-_46615538.23-P1P2,GGACAACTCAGCCCTCGACC,2.0,1.0,empirical,AMBRA1_+_46615541.23-P1P2|AMBRA1_-_46615538.23-P1P2
6004,APC,P2,1-2,significant,APC_+_112043273.23-P2,GGCAGGTCCCCCCCGAGCAG,1.0,3.0,empirical,APC_+_112043639.23-P2,GACCGTAGGGTCCCGAGCAG,2.0,3.0,empirical,APC_+_112043273.23-P2|APC_+_112043639.23-P2
16129,APC,P1,1-2,significant,APC_-_112073585.23-P1,GCAGCCCGCCAGGGTGTCAC,1.0,1.0,predicted,APC_-_112073620.23-P1,GGTGCTGCCGGACTCGGAAA,2.0,2.0,predicted,APC_-_112073585.23-P1|APC_-_112073620.23-P1
10112,ATF4,P1P2,1-2,significant,ATF4_-_39916548.23-P1P2,GGACGAAGTCTATAAAGGGC,1.0,1.0,empirical,ATF4_-_39917038.23-P1P2,GGCTGTTGCCCCACGAAACG,2.0,3.0,empirical,ATF4_-_39916548.23-P1P2|ATF4_-_39917038.23-P1P2
18791,ATG2B,P1P2,1-2,nonessential,ATG2B_-_96829681.23-P1P2,GAGGCGCGTTCCCGGCTGTA,1.0,1.0,predicted,ATG2B_+_96829705.23-P1P2,GGGCGGCGCGCCGGGAGTCT,2.0,2.0,predicted,ATG2B_-_96829681.23-P1P2|ATG2B_+_96829705.23-P1P2
6123,AURKA,P1P2,1-2,significant,AURKA_-_54967108.23-P1P2,GCGCCAAGGACACTCAGGGA,1.0,7.0,empirical,AURKA_+_54967204.23-P1P2,GCAGGTGGGAGCCGACGGGT,2.0,2.0,empirical,AURKA_-_54967108.23-P1P2|AURKA_+_54967204.23-P1P2
17925,BAX,P1P2,1-2,significant,BAX_-_49458157.23-P1P2,GgcggccgcccgcgcggACC,1.0,6.0,empirical,BAX_-_49458192.23-P1P2,Gcgggagcggcggtgatgga,2.0,3.0,empirical,BAX_-_49458157.23-P1P2|BAX_-_49458192.23-P1P2
4141,CASP3,P1P2,1-2,significant,CASP3_+_185570612.23-P1P2,GGGAGCACATCTCCCGGCGG,1.0,1.0,empirical,CASP3_+_185570557.23-P1P2,GGATGGGTGCTATTGTGAGG,2.0,6.0,empirical,CASP3_+_185570612.23-P1P2|CASP3_+_185570557.23-P1P2
5497,CCDC6,P1P2,1-2,significant,CCDC6_-_61666340.23-P1P2,GGCGGCGGCGAGAGAAAGAG,1.0,6.0,empirical,CCDC6_+_61666039.23-P1P2,GgcggcggtggGAAGTCGGG,2.0,8.0,empirical,CCDC6_-_61666340.23-P1P2|CCDC6_+_61666039.23-P1P2
8993,CDC25A,P1P2,1-2,significant,CDC25A_-_48229649.23-P1P2,GGGCGCCAGCCACCAGCCAC,1.0,3.0,empirical,CDC25A_+_48229505.23-P1P2,Ggcgcggccgaggccggtgt,2.0,6.0,empirical,CDC25A_-_48229649.23-P1P2|CDC25A_+_48229505.23-P1P2
1567,CDKN1C,P1P2,1-2,significant,CDKN1C_-_2906877.23-P1P2,GCGGCTACCTGGCTGTCCGG,1.0,4.0,empirical,CDKN1C_+_2906998.23-P1P2,GGGCGGGCTGGGCGTTCCAC,2.0,8.0,empirical,CDKN1C_-_2906877.23-P1P2|CDKN1C_+_2906998.23-P1P2
19239,CHD4,P1P2,1-2,significant,CHD4_+_6716555.23-P1P2,GTAAGAGGCGACGCTGGAGC,1.0,8.0,empirical,CHD4_-_6716063.23-P1P2,GCTGTCCTCTGGGACAACTC,2.0,9.0,empirical,CHD4_+_6716555.23-P1P2|CHD4_-_6716063.23-P1P2
9314,CYS1,P1P2,1-2,nonessential,CYS1_+_10220308.23-P1P2,GGAGCAGCCGGACTCTGAGG,1.0,1.0,predicted,CYS1_-_10220299.23-P1P2,GccccgcggggAGGCTCTCG,2.0,2.0,predicted,CYS1_+_10220308.23-P1P2|CYS1_-_10220299.23-P1P2
16166,DFFA,P1P2,1-2,significant,DFFA_-_10532568.23-P1P2,GAAGTCGCGGGAGGCCGGAG,1.0,1.0,empirical,DFFA_+_10532508.23-P1P2,GCCCACCTTGTGGAGGATGG,2.0,2.0,empirical,DFFA_-_10532568.23-P1P2|DFFA_+_10532508.23-P1P2
15718,EIF2AK3,P1P2,1-2,significant,EIF2AK3_-_88926550.23-P1P2,GCGAGGCTCCTGCTCTCccg,1.0,4.0,empirical,EIF2AK3_-_88926935.23-P1P2,GACAGCCAGCCGTGTTCCCC,2.0,1.0,empirical,EIF2AK3_-_88926550.23-P1P2|EIF2AK3_-_88926935.23-P1P2
19336,EP300,P1P2,1-2,significant,EP300_+_41488885.23-P1P2,GGCTCCGACGGCACCCGAGG,1.0,8.0,empirical,EP300_-_41487756.23-P1P2,GCTACCGCTAGCCTGTAAGG,2.0,2.0,empirical,EP300_+_41488885.23-P1P2|EP300_-_41487756.23-P1P2
9078,FRS3,P1P2,1-2,nonessential,FRS3_+_41747614.23-P1P2,GggAGGCCTTAGCTCCGGGC,1.0,1.0,predicted,FRS3_+_41747542.23-P1P2,Gcgcggggcgatgtgagtcg,2.0,2.0,predicted,FRS3_+_41747614.23-P1P2|FRS3_+_41747542.23-P1P2
221,GADD45G,P1P2,1-2,nonessential,GADD45G_+_92219986.23-P1P2,GACAAGCGGAGAGCGCGGAG,1.0,1.0,predicted,GADD45G_-_92219943.23-P1P2,GGGGCGCACTCGCTGGTGGT,2.0,2.0,predicted,GADD45G_+_92219986.23-P1P2|GADD45G_-_92219943.23-P1P2
13135,HTT,P1P2,1-2,nonessential,HTT_-_3076430.23-P1P2,GTGCCGGGACGGGTCCAAGA,1.0,1.0,predicted,HTT_-_3076434.23-P1P2,GGGGACGGGTCCAAGATGGA,2.0,2.0,predicted,HTT_-_3076430.23-P1P2|HTT_-_3076434.23-P1P2
7181,JUN,P1P2,1-2,significant,JUN_-_59249500.23-P1P2,GAGCAGGGCTCTCCTCCCGG,1.0,1.0,predicted,JUN_+_59249679.23-P1P2,GTGTGGCTGAAGCAGCGAGG,2.0,2.0,predicted,JUN_-_59249500.23-P1P2|JUN_+_59249679.23-P1P2
15914,KAT6A,P1P2,1-2,significant,KAT6A_-_41909290.23-P1P2,GCCTGGCGCAGAGCAGCGGG,1.0,3.0,empirical,KAT6A_-_41909446.23-P1P2,GAAGGACAGCCGAGATCCCG,2.0,4.0,empirical,KAT6A_-_41909290.23-P1P2|KAT6A_-_41909446.23-P1P2
9890,KLF5,P1P2,1-2,nonessential,KLF5_-_73633194.23-P1P2,GCTCTCGCGGAGGTCGGCGG,1.0,1.0,predicted,KLF5_-_73633191.23-P1P2,GGTTCTCTCGCGGAGGTCGG,2.0,2.0,predicted,KLF5_-_73633194.23-P1P2|KLF5_-_73633191.23-P1P2
8031,MAGI1,P1P2,1-2,nonessential,MAGI1_-_66024493.23-P1P2,GGGCGGGAGGTAAGTGCTCG,1.0,1.0,predicted,MAGI1_+_66024228.23-P1P2,GCGCCGGAACGTGGACCCAG,2.0,2.0,predicted,MAGI1_-_66024493.23-P1P2|MAGI1_+_66024228.23-P1P2
12440,MAP3K12,P1P2,1-2,significant,MAP3K12_-_53893243.23-P1P2,GGCGGCCGCAGCACAAAAGG,1.0,2.0,empirical,MAP3K12_-_53893214.23-P1P2,GCTCGGCCAGGCTCTCACCT,2.0,4.0,empirical,MAP3K12_-_53893243.23-P1P2|MAP3K12_-_53893214.23-P1P2
9055,MAPK8,P1P2,1-2,significant,MAPK8_-_49514791.23-P1P2,GCGCGAGCAGCGCTGGGTAA,1.0,1.0,empirical,MAPK8_-_49514766.23-P1P2,GGACGACGCGGCTTGGATTG,2.0,2.0,empirical,MAPK8_-_49514791.23-P1P2|MAPK8_-_49514766.23-P1P2
4786,METTL3,P1P2,1-2,significant,METTL3_+_21979431.23-P1P2,GGTGAGAATTGGCTATATCC,1.0,2.0,empirical,METTL3_-_21979084.23-P1P2,GACCGAGGCCCAGCGTGAGG,2.0,7.0,empirical,METTL3_+_21979431.23-P1P2|METTL3_-_21979084.23-P1P2
5877,NANOG,P1P2,1-2,significant,NANOG_+_7942378.23-P1P2,GTAAGGAACTTGGCCTTTCA,1.0,3.0,empirical,NANOG_+_7942493.23-P1P2,GTGGAAAAAGGGGTTTCCAG,2.0,1.0,empirical,NANOG_+_7942378.23-P1P2|NANOG_+_7942493.23-P1P2
9044,POU5F1,P2,1-2,significant,POU5F1_-_31148445.23-P2,GAGCACAGCAGTAGGACCAG,1.0,1.0,predicted,POU5F1_-_31148461.23-P2,GCAGGGGGATGCAAGAGCGG,2.0,2.0,predicted,POU5F1_-_31148445.23-P2|POU5F1_-_31148461.23-P2
18808,POU5F1,P1,1-2,significant,POU5F1_+_31137942.23-P1,GTGGGGAGGTGGTCATGACA,1.0,3.0,empirical,POU5F1_-_31138451.23-P1,GTGAAATGAGGGCTTGCGAA,2.0,1.0,empirical,POU5F1_+_31137942.23-P1|POU5F1_-_31138451.23-P1
16767,RB1,P1P2,1-2,significant,RB1_+_48878000.23-P1P2,GGAGCTGTGGAGGAGCGCCG,1.0,1.0,empirical,RB1_+_48878010.23-P1P2,GGGGAGCCAGCGAGCTGTGG,2.0,2.0,empirical,RB1_+_48878000.23-P1P2|RB1_+_48878010.23-P1P2
989,RORB,P1P2,1-2,significant,RORB_+_77112281.23-P1P2,GTGTTCAGTTACagggagga,1.0,1.0,predicted,RORB_-_77112334.23-P1P2,GACATTGTGGATCCGCTAAC,2.0,2.0,predicted,RORB_+_77112281.23-P1P2|RORB_-_77112334.23-P1P2
7304,SKI,ENST00000378536.4,1-2,nonessential,SKI_-_2160211.23-ENST00000378536.4,GgagccggagcgCACCATGG,1.0,1.0,predicted,SKI_-_2160217.23-ENST00000378536.4,GgagcgCACCATGGAGGCGG,2.0,2.0,predicted,SKI_-_2160211.23-ENST00000378536.4|SKI_-_2160217.23-ENST00000378536.4
14857,SOCS6,P1P2,1-2,nonessential,SOCS6_+_67956319.23-P1P2,GTCCCCGGACGCTTACCCGG,1.0,1.0,predicted,SOCS6_+_67956334.23-P1P2,GGCCTCCCGCCCGAGCTCCC,2.0,2.0,predicted,SOCS6_+_67956319.23-P1P2|SOCS6_+_67956334.23-P1P2
17501,TAOK1,P1P2,1-2,significant,TAOK1_+_27717965.23-P1P2,GCGGTAGCCGCTACCCTGGA,1.0,4.0,empirical,TAOK1_+_27717866.23-P1P2,GCAAGCTCTGCAACAAgggg,2.0,1.0,empirical,TAOK1_+_27717965.23-P1P2|TAOK1_+_27717866.23-P1P2
2135,TP53,P1P2,1-2,significant,TP53_+_7590780.23-P1P2,GAGTCTAGAGCCACCGTCCA,1.0,1.0,empirical,TP53_+_7590763.23-P1P2,GCAGGGAGCAGGTAGCTGCT,2.0,2.0,empirical,TP53_+_7590780.23-P1P2|TP53_+_7590763.23-P1P2
14326,UBE2E3,P1P2,1-2,nonessential,UBE2E3_+_181845327.23-P1P2,GGCGCAGTCAGCAAGTTCCG,1.0,1.0,predicted,UBE2E3_+_181845565.23-P1P2,GGGAAAAAAAGAAGCCGAGG,2.0,2.0,predicted,UBE2E3_+_181845327.23-P1P2|UBE2E3_+_181845565.23-P1P2
